{"val-perplexity":766.3384979122835,"_wandb":{"runtime":58},"_runtime":58,"train-loss":6.815625,"learning-rate":0.0001000002517498809,"_timestamp":1.7597155991913872e+09,"_step":1999,"val-loss":6.641623975409836}