{
  "val-loss": 6.276818647540984,
  "val-perplexity": 532.0931923235102
}