{"train-loss":7.197426986694336,"learning-rate":0.00010000024922608902,"val-perplexity":1151.2833415068549,"val-loss":7.048632548285313,"_wandb":{"runtime":1285},"_runtime":1285,"_timestamp":1.759634443992841e+09,"_step":1999}