{"val-loss":6.376043801229508,"val-perplexity":587.5984469339944,"_wandb":{"runtime":60},"_runtime":60,"train-loss":6.5375,"learning-rate":0.000100000111888849,"_timestamp":1.7597154590537317e+09,"_step":2999}