{
  "val-loss": 6.154847592213115,
  "val-perplexity": 470.9950536766172
}