{"_timestamp":1.7597156898345108e+09,"_step":3999,"val-loss":6.276818647540984,"val-perplexity":532.0931923235102,"_wandb":{"runtime":83},"_runtime":83,"train-loss":6.475,"learning-rate":0.00010000006293748012}