{"train-loss":5.4203125,"learning-rate":0.00024469297036487436,"_timestamp":1.7597217362438595e+09,"_step":188437,"_wandb":{"runtime":3606},"_runtime":3606.718837013}