{"_wandb":{"runtime":25},"_runtime":25.758104331,"_step":43,"train-loss":10.4390625,"learning-rate":2.15e-05,"_timestamp":1.759721876600584e+09}