{
  "val-loss": 6.376043801229508,
  "val-perplexity": 587.5984469339944
}