{"_step":11999,"train-loss":6.3515625,"learning-rate":0.00010000000696956737,"val-perplexity":470.9950536766172,"val-loss":6.154847592213115,"_wandb":{"runtime":184},"_runtime":184,"_timestamp":1.759715341857063e+09}