{"val-perplexity":34.22640878886856,"_wandb":{"runtime":3794},"_runtime":3794,"train-loss":3.642578125,"learning-rate":3.0000008923349582e-05,"_timestamp":1.759725871434838e+09,"_step":11999,"val-loss":3.5329975328947367}