{
  "val-loss": 6.641623975409836,
  "val-perplexity": 766.3384979122835
}