{
  "val-loss": 6.60531506147541,
  "val-perplexity": 739.0126669581655
}