{"_wandb":{"runtime":18},"_runtime":18.797322684,"learning-rate":1.7500000000000002e-05,"_timestamp":1.7597219923394268e+09,"_step":21,"train-loss":10.71875}