{"val-loss":6.60531506147541,"val-perplexity":739.0126669581655,"_wandb":{"runtime":67},"_runtime":67,"_step":2499,"train-loss":6.75,"learning-rate":0.00010000016111993595,"_timestamp":1.759715533302169e+09}