{
  "val-loss": 7.048632548285313,
  "val-perplexity": 1151.2833415068549
}