{
  "val-loss": 3.5329975328947367,
  "val-perplexity": 34.22640878886856
}