{"val-loss":5.825377817622951,"val-perplexity":338.7891093965446,"_wandb":{"runtime":144},"_runtime":144,"train-loss":6.0078125,"learning-rate":0.00010000002379731734,"_timestamp":1.759717514312738e+09,"_step":6499}