{
  "val-loss": 5.825377817622951,
  "val-perplexity": 338.7891093965446
}